RaceID,VariantID,GenderID,Loop,Idle 1,Idle 2,Jump,Get Hit 1,Get Hit 2,Get Hit 3,Get Hit 4,Gasp 1,Gasp 2,Death,Drown,Walking,Running,Attack,S Attack,T Attack,Note
,,,1dch,1eoh,1e4h,1e8h,1ech,1f0h,1f4h,1f8h,1fch,200h,208h,204h,218h,21ch,20ch,210h,214h,
0,0,F,null24.wav,null24.wav,null24.wav,JumpF_1.WAV,GetHit1F.WAV,GetHit2F.WAV,GetHit3F.WAV,GetHit4F.WAV,Gasp1F.WAV,Gasp2F.WAV,Death_F.WAV,Drown_F.WAV,Walk_Lp.wav,runlp.wav,Punch1.WAV,LeftAtk.WAV,null24.wav,
0,0,M,null24.wav,null24.wav,null24.wav,JumpM_1.WAV,GetHit1M.WAV,GetHit2M.WAV,GetHit3M.WAV,GetHit4M.WAV,Gasp1M.WAV,Gasp2M.WAV,Death_M.WAV,Drown_M.WAV,Walk_Lp.wav,runlp.wav,Punch1.WAV,LeftAtk.WAV,null24.wav,
1,0,F,null24.wav,null24.wav,null24.wav,JumpF_1.WAV,GetHit1F.WAV,GetHit2F.WAV,GetHit3F.WAV,GetHit4F.WAV,Gasp1F.WAV,Gasp2F.WAV,Death_F.WAV,Drown_F.WAV,Walk_Lp.wav,runlp.wav,Punch1.WAV,LeftAtk.WAV,null24.wav,Copied from 0
1,0,M,null24.wav,null24.wav,null24.wav,JumpM_1.WAV,GetHit1M.WAV,GetHit2M.WAV,GetHit3M.WAV,GetHit4M.WAV,Gasp1M.WAV,Gasp2M.WAV,Death_M.WAV,Drown_M.WAV,Walk_Lp.wav,runlp.wav,Punch1.WAV,LeftAtk.WAV,null24.wav,Copied from 0
2,0,F,null24.wav,null24.wav,null24.wav,JumpF_1B.WAV,GetHit1FB.WAV,GetHit2FB.WAV,GetHit3FB.WAV,GetHit4FB.WAV,Gasp1FB.WAV,Gasp2FB.WAV,Death_FB.WAV,Drown_FB.WAV,Walk_Lp.wav,runlp.wav,Punch1.WAV,LeftAtk.WAV,null24.wav,Copied from Special Cases sheet group C
2,0,M,null24.wav,null24.wav,null24.wav,JumpM_1B.WAV,GetHit1MB.WAV,GetHit2MB.WAV,GetHit3MB.WAV,GetHit4MB.WAV,Gasp1MB.WAV,Gasp2MB.WAV,Death_MB.WAV,Drown_MB.WAV,Walk_Lp.wav,runlp.wav,Punch1.WAV,LeftAtk.WAV,null24.wav,Copied from Special Cases sheet group C
3,0,F,null24.wav,null24.wav,null24.wav,JumpF_1.WAV,GetHit1F.WAV,GetHit2F.WAV,GetHit3F.WAV,GetHit4F.WAV,Gasp1F.WAV,Gasp2F.WAV,Death_F.WAV,Drown_F.WAV,Walk_Lp.wav,runlp.wav,Punch1.WAV,LeftAtk.WAV,null24.wav,Copied from 0
3,0,M,null24.wav,null24.wav,null24.wav,JumpM_1.WAV,GetHit1M.WAV,GetHit2M.WAV,GetHit3M.WAV,GetHit4M.WAV,Gasp1M.WAV,Gasp2M.WAV,Death_M.WAV,Drown_M.WAV,Walk_Lp.wav,runlp.wav,Punch1.WAV,LeftAtk.WAV,null24.wav,Copied from 0
4,0,F,null24.wav,null24.wav,null24.wav,JumpF_1.WAV,GetHit1F.WAV,GetHit2F.WAV,GetHit3F.WAV,GetHit4F.WAV,Gasp1F.WAV,Gasp2F.WAV,Death_F.WAV,Drown_F.WAV,Walk_Lp.wav,runlp.wav,Punch1.WAV,LeftAtk.WAV,null24.wav,Copied from 0
4,0,M,null24.wav,null24.wav,null24.wav,JumpM_1.WAV,GetHit1M.WAV,GetHit2M.WAV,GetHit3M.WAV,GetHit4M.WAV,Gasp1M.WAV,Gasp2M.WAV,Death_M.WAV,Drown_M.WAV,Walk_Lp.wav,runlp.wav,Punch1.WAV,LeftAtk.WAV,null24.wav,Copied from 0
5,0,F,null24.wav,null24.wav,null24.wav,JumpF_1.WAV,GetHit1F.WAV,GetHit2F.WAV,GetHit3F.WAV,GetHit4F.WAV,Gasp1F.WAV,Gasp2F.WAV,Death_F.WAV,Drown_F.WAV,Walk_Lp.wav,runlp.wav,Punch1.WAV,LeftAtk.WAV,null24.wav,Copied from 0
5,0,M,null24.wav,null24.wav,null24.wav,JumpM_1.WAV,GetHit1M.WAV,GetHit2M.WAV,GetHit3M.WAV,GetHit4M.WAV,Gasp1M.WAV,Gasp2M.WAV,Death_M.WAV,Drown_M.WAV,Walk_Lp.wav,runlp.wav,Punch1.WAV,LeftAtk.WAV,null24.wav,Copied from 0
6,0,F,null24.wav,null24.wav,null24.wav,JumpF_1.WAV,GetHit1F.WAV,GetHit2F.WAV,GetHit3F.WAV,GetHit4F.WAV,Gasp1F.WAV,Gasp2F.WAV,Death_F.WAV,Drown_F.WAV,Walk_Lp.wav,runlp.wav,Punch1.WAV,LeftAtk.WAV,null24.wav,Copied from 0
6,0,M,null24.wav,null24.wav,null24.wav,JumpM_1.WAV,GetHit1M.WAV,GetHit2M.WAV,GetHit3M.WAV,GetHit4M.WAV,Gasp1M.WAV,Gasp2M.WAV,Death_M.WAV,Drown_M.WAV,Walk_Lp.wav,runlp.wav,Punch1.WAV,LeftAtk.WAV,null24.wav,Copied from 0
7,0,F,null24.wav,null24.wav,null24.wav,JumpF_1.WAV,GetHit1F.WAV,GetHit2F.WAV,GetHit3F.WAV,GetHit4F.WAV,Gasp1F.WAV,Gasp2F.WAV,Death_F.WAV,Drown_F.WAV,Walk_Lp.wav,runlp.wav,Punch1.WAV,LeftAtk.WAV,null24.wav,Copied from 0
7,0,M,null24.wav,null24.wav,null24.wav,JumpM_1.WAV,GetHit1M.WAV,GetHit2M.WAV,GetHit3M.WAV,GetHit4M.WAV,Gasp1M.WAV,Gasp2M.WAV,Death_M.WAV,Drown_M.WAV,Walk_Lp.wav,runlp.wav,Punch1.WAV,LeftAtk.WAV,null24.wav,Copied from 0
8,0,F,null24.wav,null24.wav,null24.wav,JumpF_1B.WAV,GetHit1FB.WAV,GetHit2FB.WAV,GetHit3FB.WAV,GetHit4FB.WAV,Gasp1FB.WAV,Gasp2FB.WAV,Death_FB.WAV,Drown_FB.WAV,Walk_Lp.wav,runlp.wav,Punch1.WAV,LeftAtk.WAV,null24.wav,Copied from Special Cases sheet group C
8,0,M,null24.wav,null24.wav,null24.wav,JumpM_1B.WAV,GetHit1MB.WAV,GetHit2MB.WAV,GetHit3MB.WAV,GetHit4MB.WAV,Gasp1MB.WAV,Gasp2MB.WAV,Death_MB.WAV,Drown_MB.WAV,Walk_Lp.wav,runlp.wav,Punch1.WAV,LeftAtk.WAV,null24.wav,Copied from Special Cases sheet group C
9,0,F,null24.wav,null24.wav,null24.wav,JumpF_1B.WAV,GetHit1FB.WAV,GetHit2FB.WAV,GetHit3FB.WAV,GetHit4FB.WAV,Gasp1FB.WAV,Gasp2FB.WAV,Death_FB.WAV,Drown_FB.WAV,Walk_Lp.wav,runlp.wav,Punch1.WAV,LeftAtk.WAV,null24.wav,Copied from Special Cases sheet group C
9,0,M,null24.wav,null24.wav,null24.wav,JumpM_1B.WAV,GetHit1MB.WAV,GetHit2MB.WAV,GetHit3MB.WAV,GetHit4MB.WAV,Gasp1MB.WAV,Gasp2MB.WAV,Death_MB.WAV,Drown_MB.WAV,Walk_Lp.wav,runlp.wav,Punch1.WAV,LeftAtk.WAV,null24.wav,Copied from Special Cases sheet group C
10,0,F,null24.wav,null24.wav,null24.wav,JumpF_1B.WAV,GetHit1FB.WAV,GetHit2FB.WAV,GetHit3FB.WAV,GetHit4FB.WAV,Gasp1FB.WAV,Gasp2FB.WAV,Death_FB.WAV,Drown_FB.WAV,Walk_Lp.wav,runlp.wav,Punch1.WAV,LeftAtk.WAV,null24.wav,Copied from Special Cases sheet group C
10,0,M,null24.wav,null24.wav,null24.wav,JumpM_1B.WAV,GetHit1MB.WAV,GetHit2MB.WAV,GetHit3MB.WAV,GetHit4MB.WAV,Gasp1MB.WAV,Gasp2MB.WAV,Death_MB.WAV,Drown_MB.WAV,Walk_Lp.wav,runlp.wav,Punch1.WAV,LeftAtk.WAV,null24.wav,Copied from Special Cases sheet group C
11,0,F,null24.wav,null24.wav,null24.wav,JumpF_1L.WAV,GetHit1FL.WAV,GetHit2FL.WAV,GetHit3FL.WAV,GetHit4FL.WAV,Gasp1FL.WAV,Gasp2FL.WAV,Death_FL.WAV,Drown_FL.WAV,Walk_Lp.wav,runlp.wav,Punch1.WAV,LeftAtk.WAV,null24.wav,Copied from 12
11,0,M,null24.wav,null24.wav,null24.wav,JumpM_1L.WAV,GetHit1ML.WAV,GetHit2ML.WAV,GetHit3ML.WAV,GetHit4ML.WAV,Gasp1ML.WAV,Gasp2ML.WAV,Death_ML.WAV,Drown_ML.WAV,Walk_Lp.wav,runlp.wav,Punch1.WAV,LeftAtk.WAV,null24.wav,Copied from 12
12,0,F,null24.wav,null24.wav,null24.wav,JumpF_1L.WAV,GetHit1FL.WAV,GetHit2FL.WAV,GetHit3FL.WAV,GetHit4FL.WAV,Gasp1FL.WAV,Gasp2FL.WAV,Death_FL.WAV,Drown_FL.WAV,Walk_Lp.wav,runlp.wav,Punch1.WAV,LeftAtk.WAV,null24.wav,
12,0,M,null24.wav,null24.wav,null24.wav,JumpM_1L.WAV,GetHit1ML.WAV,GetHit2ML.WAV,GetHit3ML.WAV,GetHit4ML.WAV,Gasp1ML.WAV,Gasp2ML.WAV,Death_ML.WAV,Drown_ML.WAV,Walk_Lp.wav,runlp.wav,Punch1.WAV,LeftAtk.WAV,null24.wav,
13,0,F,null24.wav,owl_idle1.wav,owl_idle2.wav,null24.wav,owl_dam.wav,owl_dam.wav,owl_dam.wav,owl_dam.wav,null24.wav,null24.wav,owl_dth.wav,null24.wav,Walk_Lp.wav,runlp.wav,owl_atk.wav,null24.wav,null24.wav,Unused - no male variant
13,0,N,null24.wav,BirdIdl.wav,BirdIdl.wav,null24.wav,AviakHit.wav,AviakHit.wav,AviakHit.wav,AviakHit.wav,null24.wav,null24.wav,BirdDie.wav,null24.wav,Walk_Lp.wav,runlp.wav,AviakAtt.wav,AviakSAt.wav,null24.wav,F -> N
14,0,N,null24.wav,WereWIdl.wav,WereWIdl.wav,null24.wav,WereWHit.wav,WereWHit.wav,WereWHit.wav,WereWHit.wav,null24.wav,null24.wav,WereWDie.wav,null24.wav,Walk_Lp.wav,runlp.wav,WereWAtt.wav,null24.wav,null24.wav,F -> N
15,0,F,null24.wav,null24.wav,null24.wav,null24.wav,BrownHit.wav,BrownHit.wav,BrownHit.wav,BrownHit.wav,null24.wav,null24.wav,BrownDie.wav,null24.wav,Walk_Lp.wav,runlp.wav,BrownAtt.wav,null24.wav,null24.wav,Used by both M and F
16,0,F,null24.wav,null24.wav,null24.wav,JumpF_1.WAV,GetHit1F.WAV,GetHit2F.WAV,GetHit3F.WAV,GetHit4F.WAV,Gasp1F.WAV,Gasp2F.WAV,Death_F.WAV,null24.wav,Hor_Wlk.wav,Hor_Run.wav,Club.WAV,Stab.WAV,null24.wav,No female Centaurs.
16,0,N,null24.wav,null24.wav,null24.wav,JumpM_1.WAV,GetHit1M.WAV,GetHit2M.WAV,GetHit3M.WAV,GetHit4M.WAV,Gasp1M.WAV,Gasp2M.WAV,Death_M.WAV,null24.wav,Hor_Wlk.wav,Hor_Run.wav,Club.WAV,Stab.WAV,null24.wav,Renamed M -> N
17,0,N,null24.wav,GolumIdl.wav,GolumIdl.wav,null24.wav,GolumHit.wav,GolumHit.wav,GolumHit.wav,GolumHit.wav,null24.wav,null24.wav,GolumDie.wav,null24.wav,Walk_Lp.wav,runlp.wav,GolumAtt.wav,null24.wav,null24.wav,Renamed F -> N. Used by both N and M
18,0,N,null24.wav,GiantIdl.wav,GiantIdl.wav,null24.wav,GiantHit.wav,GiantHit.wav,GiantHit.wav,GiantHit.wav,null24.wav,null24.wav,GiantDie.wav,null24.wav,GiantWlk.wav,GiantRun.wav,GiantAtt.wav,null24.wav,null24.wav,Renamed F -> N
19,0,N,null24.wav,DragIIdl.wav,DragIIdl.wav,null24.wav,Drag_Hit.wav,Drag_Hit.wav,Drag_Hit.wav,Drag_Hit.wav,null24.wav,null24.wav,Drag_Die.wav,null24.wav,GiantWlk.wav,GiantWlk.wav,Drag_Att.wav,DragISAt.wav,null24.wav,Renamed F -> N
20,0,F,null24.wav,null24.wav,null24.wav,JumpF_1B.WAV,null24.wav,VampKHit.wav,VampKHit.wav,VampKHit.wav,null24.wav,null24.wav,VampKDie.wav,GetHit2FB.WAV,Walk_Lp.wav,runlp.wav,Stab.WAV,null24.wav,Club.WAV,Unused. Venril Sathir is N.
20,0,N,null24.wav,null24.wav,null24.wav,JumpM_1B.WAV,null24.wav,VampKHit.wav,VampKHit.wav,VampKHit.wav,null24.wav,null24.wav,VampKDie.wav,GetHit2FB.WAV,Walk_Lp.wav,runlp.wav,Stab.WAV,null24.wav,Club.WAV,Renamed M -> N
21,0,N,BehlLoop.wav,BeholIdl.wav,BeholIdl.wav,null24.wav,BehldHit.wav,BehldHit.wav,BehldHit.wav,BehldHit.wav,null24.wav,null24.wav,BehdDie.wav,null24.wav,null24.wav,null24.wav,BehdAtt.wav,null24.wav,null24.wav,Renamed F -> N
22,0,N,null24.wav,null24.wav,null24.wav,null24.wav,BeetlHit.wav,BeetlHit.wav,BeetlHit.wav,BeetlHit.wav,null24.wav,null24.wav,BeetlDie.wav,null24.wav,BeetlWlk.wav,BeetlWlk.wav,BeetlAtt.wav,null24.wav,null24.wav,Renamed F -> N
23,0,F,null24.wav,CatF_Idl.wav,CatF_Idl.wav,null24.wav,CatF_Hit.wav,CatF_Hit.wav,CatF_Hit.wav,CatF_Hit.wav,null24.wav,null24.wav,CatF_Die.wav,null24.wav,Walk_Lp.wav,runlp.wav,CatF_Att.wav,CatFSAtt.wav,null24.wav,
23,0,M,null24.wav,CatM_Idl.wav,CatM_Idl.wav,null24.wav,CatM_Hit.wav,CatM_Hit.wav,CatM_Hit.wav,CatM_Hit.wav,null24.wav,null24.wav,CatM_Die.wav,null24.wav,Walk_Lp.wav,runlp.wav,CatM_Att.wav,CatMSAtt.wav,null24.wav,
24,0,N,null24.wav,null24.wav,null24.wav,null24.wav,SwF_Hit.wav,SwF_Hit.wav,SwF_Hit.wav,SwF_Hit.wav,null24.wav,null24.wav,SwF_Die.wav,null24.wav,null24.wav,null24.wav,SwF_Att.wav,null24.wav,null24.wav,Renamed F -> N
25,0,F,Fairy_Lp.wav,null24.wav,null24.wav,null24.wav,FairyHit.wav,FairyHit.wav,FairyHit.wav,FairyHit.wav,null24.wav,null24.wav,FairyDie.wav,null24.wav,null24.wav,null24.wav,FairyAtt.wav,FairySAt.wav,null24.wav,
26,0,N,null24.wav,Frog_Idl.wav,Frog_Idl.wav,null24.wav,Frog_Hit.wav,Frog_Hit.wav,Frog_Hit.wav,Frog_Hit.wav,null24.wav,null24.wav,Frog_Die.wav,null24.wav,Frog_Wlk.wav,Frog_Run.wav,Frog_Att.wav,Frog_SAt.wav,Frog_TAt.wav,Renamed F -> N
27,0,N,null24.wav,FrogGIdl.wav,FrogGIdl.wav,null24.wav,FrogGHit.wav,FrogGHit.wav,FrogGHit.wav,FrogGHit.wav,null24.wav,null24.wav,FrogGDie.wav,null24.wav,Frog_Wlk.wav,Frog_Run.wav,FrogGAtt.wav,FrogGSAt.wav,FrogGTAt.wav,Renamed F -> N
28,0,N,null24.wav,Fung_Idl.wav,Fung_Idl.wav,null24.wav,Fung_Hit.wav,Fung_Hit.wav,Fung_Hit.wav,Fung_Hit.wav,null24.wav,null24.wav,Fung_Die.wav,null24.wav,Walk_Lp.wav,runlp.wav,Fung_Att.wav,Fung_SAtt.wav,null24.wav,Renamed F -> N
29,0,N,Imp_Lp.wav,Garg_Idl.wav,Garg_Idl.wav,null24.wav,Garg_Hit.wav,Garg_Hit.wav,Garg_Hit.wav,Garg_Hit.wav,null24.wav,null24.wav,Garg_Die.wav,null24.wav,null24.wav,null24.wav,Garg_Att.wav,null24.wav,null24.wav,Renamed F -> N. Used by both N and M
30,0,N,BehlLoop.wav,BeholIdl.wav,BeholIdl.wav,null24.wav,BehldHit.wav,BehldHit.wav,BehldHit.wav,BehldHit.wav,null24.wav,null24.wav,BehdDie.wav,null24.wav,null24.wav,null24.wav,BehdAtt.wav,null24.wav,null24.wav,Renamed F -> N
31,0,N,null24.wav,CubeIdl1.wav,CubeIdl2.wav,null24.wav,Cube_Hit.wav,Cube_Hit.wav,Cube_Hit.wav,Cube_Hit.wav,null24.wav,null24.wav,Cube_Die.wav,null24.wav,Cube_Wlk.wav,Cube_Wlk.wav,Cube_Att.wav,null24.wav,null24.wav,Renamed F -> N
32,0,F,Ghost_Lp.wav,null24.wav,null24.wav,null24.wav,GhostHit.wav,GhostHit.wav,GhostHit.wav,GhostHit.wav,null24.wav,null24.wav,GhostDie.wav,null24.wav,null24.wav,null24.wav,GhostAtt.wav,null24.wav,null24.wav,Unused. No Ghost model.
33,0,N,null24.wav,GhoulIdl.wav,GhoulIdl.wav,null24.wav,GhoulHit.wav,GhoulHit.wav,GhoulHit.wav,GhoulHit.wav,null24.wav,null24.wav,GhoulDie.wav,null24.wav,Walk_Lp.wav,runlp.wav,GhoulAtt.wav,GhoulSAt.wav,null24.wav,Renamed F -> N
34,0,N,Bat_Fly.wav,Bat_Idl1.wav,Bat_idl2.wav,null24.wav,Bat_Hit.wav,Bat_Hit.wav,Bat_Hit.wav,Bat_Hit.wav,null24.wav,null24.wav,Bat_Die.wav,null24.wav,null24.wav,null24.wav,Bat_Att.wav,null24.wav,null24.wav,Renamed F -> N
36,0,N,null24.wav,Rat_Idl.wav,Rat_Idl.wav,null24.wav,Rat_Hit.wav,Rat_Hit.wav,Rat_Hit.wav,Rat_Hit.wav,null24.wav,null24.wav,Rat_Die.wav,null24.wav,Walk_Lp.wav,runlp.wav,Rat_Att.wav,null24.wav,null24.wav,Renamed F -> N TODO: Confirm no variant 1 (clockwork)
37,0,N,null24.wav,SnakeIdl.wav,SnakeIdl.wav,null24.wav,SnakeHit.wav,SnakeHit.wav,SnakeHit.wav,SnakeHit.wav,null24.wav,null24.wav,SnakeDie.wav,null24.wav,null24.wav,null24.wav,SnakeAtt.wav,null24.wav,null24.wav,Renamed F -> N
38,0,N,null24.wav,SpidIdl.wav,SpidIdl.wav,null24.wav,Spid_Hit.wav,Spid_Hit.wav,Spid_Hit.wav,Spid_Hit.wav,null24.wav,null24.wav,Spid_Die.wav,null24.wav,Spid_Wlk.wav,Spid_Wlk.wav,Spid_Att.wav,null24.wav,null24.wav,Renamed F -> N
38,3,N,ClokLoop.wav,Clok_Idl.wav,Clok_Idl.wav,null24.wav,Clok_Hit.wav,Clok_Hit.wav,Clok_Hit.wav,Clok_Hit.wav,null24.wav,null24.wav,Clok_Die.wav,null24.wav,null24.wav,null24.wav,null24.wav,null24.wav,null24.wav,Renamed F -> N
39,0,N,null24.wav,GnollIdl.wav,GnollIdl.wav,null24.wav,GnollHit.wav,GnollHit.wav,GnollHit.wav,GnollHit.wav,null24.wav,null24.wav,GnollDie.wav,null24.wav,Walk_Lp.wav,runlp.wav,GnollAtt.wav,GnollSAt.wav,null24.wav,Renamed F -> N
39,3,N,null24.wav,GhoulIdl.wav,GhoulIdl.wav,null24.wav,GhoulHit.wav,GhoulHit.wav,GhoulHit.wav,GhoulHit.wav,null24.wav,null24.wav,GhoulDie.wav,null24.wav,Walk_Lp.wav,runlp.wav,GhoulAtt.wav,GhoulSAt.wav,null24.wav,Renamed F -> N
40,0,N,null24.wav,Gob_Idl.wav,Gob_Idl.wav,null24.wav,Gob_Hit.wav,Gob_Hit.wav,Gob_Hit.wav,Gob_Hit.wav,null24.wav,null24.wav,Gob_Die.wav,null24.wav,Walk_Lp.wav,runlp.wav,Gob_Att.wav,Gob_SAt.wav,null24.wav,Renamed F -> N
41,0,N,GoriLp.wav,GorilIdl.wav,GorilIdl.wav,null24.wav,GorilHit.wav,GorilHit.wav,GorilHit.wav,GorilHit.wav,null24.wav,null24.wav,GorilDie.wav,null24.wav,null24.wav,null24.wav,GorilAtt.wav,null24.wav,null24.wav,Renamed F -> N
42,0,N,null24.wav,Wolf_Idl.wav,Wolf_Idl.wav,null24.wav,Wolf_Hit.wav,Wolf_Hit.wav,Wolf_Hit.wav,Wolf_Hit.wav,null24.wav,null24.wav,Wolf_Die.wav,null24.wav,Walk_Lp.wav,runlp.wav,Wolf_Att.wav,null24.wav,null24.wav,Renamed F -> N
43,0,F,null24.wav,Bear_Idl.wav,Bear_Idl.wav,null24.wav,Bear_Hit.wav,Bear_Hit.wav,Bear_Hit.wav,Bear_Hit.wav,null24.wav,null24.wav,Bear_Die.wav,null24.wav,Walk_Lp.wav,runlp.wav,Bear_Att.wav,null24.wav,null24.wav,Renamed F -> N
44,0,M,null24.wav,null24.wav,null24.wav,JumpM_1.WAV,GetHit1M.WAV,GetHit2M.WAV,GetHit3M.WAV,GetHit4M.WAV,Gasp1M.WAV,Gasp2M.WAV,Death_M.WAV,Drown_M.WAV,Walk_Lp.wav,runlp.wav,Punch1.WAV,LeftAtk.WAV,null24.wav,Created. Freeport Guard. Only male. 
45,0,N,Der_Lp.wav,dervish_idle.wav,dervish_idle.wav,null24.wav,dervish_dam.wav,dervish_dam.wav,dervish_dam.wav,dervish_dam.wav,null24.wav,null24.wav,dervish_dth.wav,null24.wav,null24.wav,null24.wav,dervish_atk.wav,null24.wav,null24.wav,Created. Copied from Snow Dervish. https://wiki.project1999.com/Drusella_Sathir
46,0,N,Imp_Lp.wav,Garg_Idl.wav,Garg_Idl.wav,null24.wav,Imp_Hit.wav,Imp_Hit.wav,Imp_Hit.wav,Imp_Hit.wav,null24.wav,null24.wav,Imp_Die.wav,null24.wav,null24.wav,null24.wav,Imp_Att.wav,null24.wav,null24.wav,Renamed F -> N
47,0,N,GrifLoop.wav,Grif_Idl.wav,Grif_Idl.wav,null24.wav,Grif_Hit.wav,Grif_Hit.wav,Grif_Hit.wav,Grif_Hit.wav,null24.wav,null24.wav,Grif_Die.wav,null24.wav,null24.wav,null24.wav,Grif_Att.wav,Grif_SAt.wav,null24.wav,Renamed F -> N
48,0,N,null24.wav,Kobo_Idl.wav,Kobo_Idl.wav,null24.wav,Kobo_Hit.wav,Kobo_Hit.wav,Kobo_Hit.wav,Kobo_Hit.wav,null24.wav,null24.wav,Kobo_Die.wav,null24.wav,Walk_Lp.wav,runlp.wav,Kobo_Att.wav,null24.wav,null24.wav,Renamed F -> N
48,1,N,null24.wav,WereBIdl.wav,WereBIdl.wav,null24.wav,WereBHit.wav,WereBHit.wav,WereBHit.wav,WereBHit.wav,null24.wav,null24.wav,WereBDie.wav,null24.wav,Walk_Lp.wav,runlp.wav,WereBAtt.wav,null24.wav,null24.wav,Renamed F -> N
49,0,N,null24.wav,DragIIdl.wav,DragIIdl.wav,null24.wav,Drag_Hit.wav,Drag_Hit.wav,Drag_Hit.wav,Drag_Hit.wav,null24.wav,null24.wav,Drag_Die.wav,null24.wav,GiantWlk.wav,GiantWlk.wav,Drag_Att.wav,DragFSAt.wav,null24.wav,Renamed F -> N
49,1,N,null24.wav,DragFIdl.wav,DragFIdl.wav,null24.wav,Drag_Hit.wav,Drag_Hit.wav,Drag_Hit.wav,Drag_Hit.wav,null24.wav,null24.wav,Drag_Die.wav,null24.wav,GiantWlk.wav,GiantWlk.wav,Drag_Att.wav,DragISAt.wav,null24.wav,Renamed F -> N
50,0,N,null24.wav,Lion_Idl.wav,Lion_Idl.wav,null24.wav,Lion_Hit.wav,Lion_Hit.wav,Lion_Hit.wav,Lion_Hit.wav,null24.wav,null24.wav,Lion_Die.wav,null24.wav,Walk_Lp.wav,runlp.wav,Lion_Att.wav,null24.wav,null24.wav,Renamed F -> N Confirm: Used for both male/female
51,0,N,null24.wav,Liza_Idl.wav,Liza_Idl.wav,null24.wav,Liza_Hit.wav,Liza_Hit.wav,Liza_Hit.wav,Liza_Hit.wav,null24.wav,null24.wav,Liza_Die.wav,null24.wav,Walk_Lp.wav,runlp.wav,Liza_Att.wav,LizaSAtt.wav,null24.wav,Renamed F -> N
52,0,N,null24.wav,null24.wav,null24.wav,null24.wav,MimicHit.wav,MimicHit.wav,MimicHit.wav,MimicHit.wav,null24.wav,null24.wav,MimicDie.wav,null24.wav,Mimic_Lp.wav,Mimic_Lp.wav,MimicAtt.wav,null24.wav,null24.wav,Renamed F -> N
53,0,N,null24.wav,Mino_Idl.wav,Mino_Idl.wav,null24.wav,Mino_Hit.wav,Mino_Hit.wav,Mino_Hit.wav,Mino_Hit.wav,null24.wav,null24.wav,Mino_Die.wav,null24.wav,Walk_Lp.wav,runlp.wav,Mino_Att.wav,Mino_SAt.wav,null24.wav,Renamed F -> N
54,0,N,null24.wav,Orc_Idl.wav,Orc_Idl.wav,null24.wav,Orc_Hit.wav,Orc_Hit.wav,Orc_Hit.wav,Orc_Hit.wav,null24.wav,null24.wav,Orc_Die.wav,null24.wav,Walk_Lp.wav,runlp.wav,Orc_Att.wav,OrcSAtt.wav,null24.wav,Renamed F -> N
55,0,M,null24.wav,null24.wav,null24.wav,JumpM_1.WAV,GetHit1M.WAV,GetHit2M.WAV,GetHit3M.WAV,GetHit4M.WAV,Gasp1M.WAV,Gasp2M.WAV,Death_M.WAV,Drown_M.WAV,Walk_Lp.wav,runlp.wav,Punch1.WAV,LeftAtk.WAV,null24.wav,Created. Human beggar copied from Human Male.
56,0,F,PixiLoop.wav,null24.wav,null24.wav,null24.wav,PixieHit.wav,PixieHit.wav,PixieHit.wav,PixieHit.wav,null24.wav,null24.wav,PixieDie.wav,null24.wav,null24.wav,null24.wav,PixieSAt.wav,null24.wav,null24.wav,
57,0,F,null24.wav,drakf_wool_idle.wav,drakf_wool_idle.wav,null24.wav,drakf_wool_dam.wav,drakf_wool_dam.wav,drakf_wool_dam.wav,drakf_wool_dam.wav,null24.wav,null24.wav,drakf_wool_dth.wav,null24.wav,Spid_Wlk.wav,Spid_Wlk.wav,drakf_wool_atk.wav,Spid_Wlk.wav,Spid_Wlk.wav,
57,0,M,null24.wav,drakm_wool_idle.wav,drakm_wool_idle.wav,null24.wav,drakm_wool_dam.wav,drakm_wool_dam.wav,drakm_wool_dam.wav,drakm_wool_dam.wav,null24.wav,null24.wav,drakm_wool_dth.wav,null24.wav,Spid_Wlk.wav,Spid_Wlk.wav,drakm_wool_atk.wav,Spid_Wlk.wav,Spid_Wlk.wav,
58,0,N,null24.wav,null24.wav,null24.wav,JumpM_1.WAV,GetHit1M.WAV,GetHit2M.WAV,GetHit3M.WAV,GetHit4M.WAV,Gasp1M.WAV,Gasp2M.WAV,Death_M.WAV,Drown_M.WAV,Walk_Lp.wav,runlp.wav,Punch1.WAV,LeftAtk.WAV,null24.wav,TODO: Find Solusek Ro
59,0,N,null24.wav,Gob_Idl.wav,Gob_Idl.wav,null24.wav,Gob_Hit.wav,Gob_Hit.wav,Gob_Hit.wav,Gob_Hit.wav,null24.wav,null24.wav,Gob_Die.wav,null24.wav,Walk_Lp.wav,runlp.wav,Gob_Att.wav,Gob_SAt.wav,null24.wav,Created. Bloodgills Goblin. Sounds copied from Kunark Goblin.
60,0,N,null24.wav,null24.wav,null24.wav,null24.wav,Skel_Hit.wav,Skel_Hit.wav,Skel_Hit.wav,Skel_Hit.wav,null24.wav,null24.wav,Skel_Die.wav,null24.wav,Walk_Lp.wav,runlp.wav,SkelAtt1.wav,Skel_Std.wav,SkelAtt2.wav,Renamed F -> N
61,0,N,null24.wav,null24.wav,null24.wav,null24.wav,Shrk_Die.wav,Shrk_Die.wav,Shrk_Die.wav,Shrk_Die.wav,null24.wav,null24.wav,Shrk_Die.wav,null24.wav,null24.wav,null24.wav,Shrk_Att.wav,null24.wav,null24.wav,Renamed F -> N
62,0,N,null24.wav,null24.wav,null24.wav,JumpF_1.WAV,GetHit1F.WAV,GetHit2F.WAV,GetHit3F.WAV,GetHit4F.WAV,Gasp1F.WAV,Gasp2F.WAV,Death_F.WAV,Drown_F.WAV,Walk_Lp.wav,runlp.wav,Punch1.WAV,LeftAtk.WAV,null24.wav,Created. Tunare. Copied sounds from Human female. Guess.
63,0,N,null24.wav,Lion_Idl.wav,Lion_Idl.wav,null24.wav,Lion_Hit.wav,Lion_Hit.wav,Lion_Hit.wav,Lion_Hit.wav,null24.wav,null24.wav,Lion_Die.wav,null24.wav,Walk_Lp.wav,runlp.wav,Lion_Att.wav,null24.wav,null24.wav,Renamed F -> N
64,0,N,null24.wav,Trea_Idl.wav,Trea_Idl.wav,null24.wav,Trea_Hit.wav,Trea_Hit.wav,Trea_Hit.wav,Trea_Hit.wav,null24.wav,null24.wav,Trea_Die.wav,null24.wav,Trea_Wlk.wav,Trea_Wlk.wav,Trea_Att.wav,Trea_SAt.wav,null24.wav,Renamed F -> N
65,0,M,VampK_Lp.wav,VampKIdle.wav,VampKIdle.wav,null24.wav,VampKHit.wav,VampKHit.wav,VampKHit.wav,VampKHit.wav,null24.wav,null24.wav,VampKDie.wav,null24.wav,null24.wav,null24.wav,VampKAtt.wav,VampKSAt.wav,null24.wav,Renamed F -> M
66,0,N,null24.wav,null24.wav,null24.wav,JumpM_1.WAV,GetHit1M.WAV,GetHit2M.WAV,GetHit3M.WAV,GetHit4M.WAV,Gasp1M.WAV,Gasp2M.WAV,Death_M.WAV,Drown_M.WAV,Walk_Lp.wav,runlp.wav,Punch1.WAV,LeftAtk.WAV,null24.wav,TODO: Find Rallos Zek
67,0,M,null24.wav,null24.wav,null24.wav,JumpM_1.WAV,GetHit1M.WAV,GetHit2M.WAV,GetHit3M.WAV,GetHit4M.WAV,Gasp1M.WAV,Gasp2M.WAV,Death_M.WAV,Drown_M.WAV,Walk_Lp.wav,runlp.wav,Punch1.WAV,LeftAtk.WAV,null24.wav,Created. Highpass Citizen. Copied from Human Male.
68,0,N,null24.wav,Tent_Idl.wav,Tent_Idl.wav,null24.wav,Tent_Hit.wav,Tent_Hit.wav,Tent_Hit.wav,Tent_Hit.wav,null24.wav,null24.wav,Tent_Die.wav,null24.wav,Tent_Wlk.wav,Tent_Wlk.wav,Tent_Att.wav,null24.wav,null24.wav,Renamed F -> N
69,0,N,WiloLoop.wav,null24.wav,null24.wav,null24.wav,Wilo_Hit.wav,Wilo_Hit.wav,Wilo_Hit.wav,Wilo_Hit.wav,null24.wav,null24.wav,Wilo_Die.wav,null24.wav,null24.wav,null24.wav,Wilo_Att.wav,null24.wav,null24.wav,Renamed F -> N
70,0,F,null24.wav,Zom_Idl2.wav,Zom_Idl2.wav,null24.wav,FlshHit2.WAV,FlshHit2.WAV,FlshHit2.WAV,FlshHit2.WAV,null24.wav,null24.wav,ZomF_Die.wav,null24.wav,Walk_Lp.wav,runlp.wav,ZomF_Att.wav,null24.wav,null24.wav,
70,0,M,null24.wav,Zom_Idl1.wav,Zom_Idl1.wav,null24.wav,FlshHit2.WAV,FlshHit2.WAV,FlshHit2.WAV,FlshHit2.WAV,null24.wav,null24.wav,Zom_Die.wav,null24.wav,Walk_Lp.wav,runlp.wav,Zom_Att.wav,null24.wav,null24.wav,
71,0,F,null24.wav,null24.wav,null24.wav,JumpF_1.WAV,GetHit1F.WAV,GetHit2F.WAV,GetHit3F.WAV,GetHit4F.WAV,Gasp1F.WAV,Gasp2F.WAV,Death_F.WAV,Drown_F.WAV,Walk_Lp.wav,runlp.wav,Punch1.WAV,LeftAtk.WAV,null24.wav,Created. Qeynos Citizen. Copied from Human Female.
71,0,M,null24.wav,null24.wav,null24.wav,JumpM_1.WAV,GetHit1M.WAV,GetHit2M.WAV,GetHit3M.WAV,GetHit4M.WAV,Gasp1M.WAV,Gasp2M.WAV,Death_M.WAV,Drown_M.WAV,Walk_Lp.wav,runlp.wav,Punch1.WAV,LeftAtk.WAV,null24.wav,Created. Qeynos Citizen. Copied from Human Male.
72,0,N,null24.wav,null24.wav,null24.wav,null24.wav,null24.wav,null24.wav,null24.wav,null24.wav,null24.wav,null24.wav,null24.wav,null24.wav,BoatLoop.wav,BoatLoop.wav,null24.wav,null24.wav,null24.wav,Renamed F -> N
73,0,N,null24.wav,null24.wav,null24.wav,null24.wav,null24.wav,null24.wav,null24.wav,null24.wav,null24.wav,null24.wav,null24.wav,null24.wav,null24.wav,null24.wav,null24.wav,null24.wav,null24.wav,Renamed F -> N
74,0,N,null24.wav,null24.wav,null24.wav,null24.wav,Pira_Hit.wav,Pira_Hit.wav,Pira_Hit.wav,Pira_Hit.wav,null24.wav,null24.wav,Pira_Die.wav,null24.wav,null24.wav,null24.wav,Pira_Att.wav,null24.wav,null24.wav,Renamed F -> N
75,0,N,null24.wav,null24.wav,null24.wav,null24.wav,Elem_Hit.wav,Elem_Hit.wav,Elem_Hit.wav,Elem_Hit.wav,null24.wav,null24.wav,Elem_Die.wav,null24.wav,null24.wav,null24.wav,Elem_Att.wav,null24.wav,null24.wav,Renamed F -> N
76,0,N,null24.wav,Puma_Idl.wav,Puma_Idl.wav,null24.wav,Puma_Hit.wav,Puma_Hit.wav,Puma_Hit.wav,Puma_Hit.wav,null24.wav,null24.wav,Puma_Die.wav,null24.wav,Walk_Lp.wav,runlp.wav,Puma_Att.wav,null24.wav,null24.wav,Renamed F -> N
76,3,N,null24.wav,panther_blk_idle.wav,panther_blk_idle.wav,null24.wav,panther_blk_dam.wav,panther_blk_dam.wav,panther_blk_dam.wav,panther_blk_dam.wav,null24.wav,null24.wav,panther_blk_dth.wav,null24.wav,Walk_Lp.wav,runlp.wav,panther_blk_atk.wav,null24.wav,null24.wav,Renamed F -> N
77,0,M,null24.wav,null24.wav,null24.wav,JumpM_1.WAV,GetHit1M.WAV,GetHit2M.WAV,GetHit3M.WAV,GetHit4M.WAV,Gasp1M.WAV,Gasp2M.WAV,Death_M.WAV,Drown_M.WAV,Walk_Lp.wav,runlp.wav,Punch1.WAV,LeftAtk.WAV,null24.wav,Created. Neriak Citizen Copied from Human Male.
78,0,M,null24.wav,null24.wav,null24.wav,JumpM_1.WAV,GetHit1M.WAV,GetHit2M.WAV,GetHit3M.WAV,GetHit4M.WAV,Gasp1M.WAV,Gasp2M.WAV,Death_M.WAV,Drown_M.WAV,Walk_Lp.wav,runlp.wav,Punch1.WAV,LeftAtk.WAV,null24.wav,Created. Erudite Citizen Copied from Human Male.
79,0,N,Bix_Loop.wav,null24.wav,null24.wav,null24.wav,Bix_Hit.wav,Bix_Hit.wav,Bix_Hit.wav,Bix_Hit.wav,null24.wav,null24.wav,Bix_Die.wav,null24.wav,null24.wav,null24.wav,Bix_Att.wav,null24.wav,null24.wav,Renamed F -> N
80,0,N,null24.wav,Hand_Idl.wav,Hand_Idl.wav,null24.wav,Hand_Hit.wav,Hand_Hit.wav,Hand_Hit.wav,Hand_Hit.wav,null24.wav,null24.wav,Hand_Die.wav,null24.wav,Walk_Lp.wav,runlp.wav,Hand_Att.wav,null24.wav,null24.wav,Renamed F -> N
81,0,M,null24.wav,null24.wav,null24.wav,JumpM_1L.WAV,GetHit1ML.WAV,GetHit2ML.WAV,GetHit3ML.WAV,GetHit4ML.WAV,Gasp1ML.WAV,Gasp2ML.WAV,Death_ML.WAV,Drown_ML.WAV,Walk_Lp.wav,runlp.wav,Punch1.WAV,LeftAtk.WAV,null24.wav,Created. Rivervale Citizen Copied from Gnome/Halfling Male.
82,0,N,null24.wav,Scar_Idl.wav,Scar_Idl.wav,null24.wav,Scar_Hit.wav,Scar_Hit.wav,Scar_Hit.wav,Scar_Hit.wav,null24.wav,null24.wav,Scar_Die.wav,null24.wav,Walk_Lp.wav,runlp.wav,Scar_Att.wav,Scar_SAt.wav,null24.wav,Renamed F -> N
83,0,N,null24.wav,SkunkIdl.wav,SkunkIdl.wav,null24.wav,SkunkHit.wav,SkunkHit.wav,SkunkHit.wav,SkunkHit.wav,null24.wav,null24.wav,SkunkDie.wav,null24.wav,Walk_Lp.wav,runlp.wav,SkunkAtt.wav,SkunkSAt.wav,null24.wav,Renamed F -> N
84,0,F,null24.wav,SnakeIdl.wav,SnakeIdl.wav,null24.wav,SnakeHit.wav,SnakeHit.wav,SnakeHit.wav,SnakeHit.wav,null24.wav,null24.wav,SnakeDie.wav,null24.wav,null24.wav,null24.wav,SnakeAtt.wav,null24.wav,null24.wav,Doesn't exist.
85,0,N,SpecLoop.wav,Spec_Idl.wav,Spec_Idl.wav,null24.wav,Spec_Hit.wav,Spec_Hit.wav,Spec_Hit.wav,Spec_Hit.wav,null24.wav,null24.wav,Spec_Die.wav,null24.wav,null24.wav,null24.wav,Spec_Att.wav,null24.wav,null24.wav,Renamed F -> N
86,0,N,SphiLoop.wav,Sphi_Idl.wav,Sphi_Idl.wav,null24.wav,Sphi_Hit.wav,Sphi_Hit.wav,Sphi_Hit.wav,Sphi_Hit.wav,null24.wav,null24.wav,Sphi_Die.wav,null24.wav,null24.wav,null24.wav,Sphi_Att.wav,Sphi_SAt.wav,null24.wav,Renamed F -> N
87,0,N,null24.wav,ArmadIdl.wav,ArmadIdl.wav,null24.wav,AmadHit.wav,AmadHit.wav,AmadHit.wav,AmadHit.wav,null24.wav,null24.wav,AmadDie.wav,null24.wav,Walk_Lp.wav,runlp.wav,AmadAtt.wav,null24.wav,null24.wav,Renamed F -> N
88,0,F,ClokLoop.wav,Clok_Idl.wav,Clok_Idl.wav,null24.wav,Clok_Hit.wav,Clok_Hit.wav,Clok_Hit.wav,Clok_Hit.wav,null24.wav,null24.wav,Clok_Die.wav,null24.wav,null24.wav,null24.wav,null24.wav,null24.wav,null24.wav,TODO: Maybe create a gnome male variant for the King?
89,0,N,Drake_Lp.wav,DrakeIdl.wav,DrakeIdl.wav,null24.wav,DrakeHit.wav,DrakeHit.wav,DrakeHit.wav,DrakeHit.wav,null24.wav,null24.wav,DrakeDie.wav,null24.wav,null24.wav,null24.wav,DrakeAtt.wav,DrakeSAt.wav,null24.wav,Renamed F -> N
90,0,F,null24.wav,null24.wav,null24.wav,JumpF_1.WAV,GetHit1F.WAV,GetHit2F.WAV,GetHit3F.WAV,GetHit4F.WAV,Gasp1F.WAV,Gasp2F.WAV,Death_F.WAV,Drown_F.WAV,Walk_Lp.wav,runlp.wav,Punch1.WAV,LeftAtk.WAV,null24.wav,Created. Halas Citizen. Copied from Human Female.
90,0,M,null24.wav,null24.wav,null24.wav,JumpM_1.WAV,GetHit1M.WAV,GetHit2M.WAV,GetHit3M.WAV,GetHit4M.WAV,Gasp1M.WAV,Gasp2M.WAV,Death_M.WAV,Drown_M.WAV,Walk_Lp.wav,runlp.wav,Punch1.WAV,LeftAtk.WAV,null24.wav,Created. Halas Citizen. Copied from Human Male.
91,0,N,null24.wav,GatorIdl.wav,GatorIdl.wav,null24.wav,GatorHit.wav,GatorHit.wav,GatorHit.wav,GatorHit.wav,null24.wav,null24.wav,GatorDie.wav,null24.wav,Walk_Lp.wav,runlp.wav,GatorAtt.wav,null24.wav,null24.wav,Renamed F -> N
92,0,F,null24.wav,null24.wav,null24.wav,JumpF_1B.WAV,GetHit1FB.WAV,GetHit2FB.WAV,GetHit3FB.WAV,GetHit4FB.WAV,Gasp1FB.WAV,Gasp2FB.WAV,Death_FB.WAV,Drown_FB.WAV,Walk_Lp.wav,runlp.wav,Punch1.WAV,LeftAtk.WAV,null24.wav,Created. Grobb Citizen. Copied from Troll Female.
92,0,M,null24.wav,null24.wav,null24.wav,JumpM_1B.WAV,GetHit1MB.WAV,GetHit2MB.WAV,GetHit3MB.WAV,GetHit4MB.WAV,Gasp1MB.WAV,Gasp2MB.WAV,Death_MB.WAV,Drown_MB.WAV,Walk_Lp.wav,runlp.wav,Punch1.WAV,LeftAtk.WAV,null24.wav,Created. Grobb Citizen. Copied from Troll Male.
93,0,F,null24.wav,null24.wav,null24.wav,JumpF_1B.WAV,GetHit1FB.WAV,GetHit2FB.WAV,GetHit3FB.WAV,GetHit4FB.WAV,Gasp1FB.WAV,Gasp2FB.WAV,Death_FB.WAV,Drown_FB.WAV,Walk_Lp.wav,runlp.wav,Punch1.WAV,LeftAtk.WAV,null24.wav,Created. Oggok Citizen. Copied from Ogre Female.
93,0,M,null24.wav,null24.wav,null24.wav,JumpM_1B.WAV,GetHit1MB.WAV,GetHit2MB.WAV,GetHit3MB.WAV,GetHit4MB.WAV,Gasp1MB.WAV,Gasp2MB.WAV,Death_MB.WAV,Drown_MB.WAV,Walk_Lp.wav,runlp.wav,Punch1.WAV,LeftAtk.WAV,null24.wav,Created. Oggok Citizen. Copied from Ogre Male.
94,0,F,null24.wav,null24.wav,null24.wav,JumpF_1B.WAV,GetHit1FB.WAV,GetHit2FB.WAV,GetHit3FB.WAV,GetHit4FB.WAV,Gasp1FB.WAV,Gasp2FB.WAV,Death_FB.WAV,Drown_FB.WAV,Walk_Lp.wav,runlp.wav,Punch1.WAV,LeftAtk.WAV,null24.wav,Created. Kaladim Citizen. Copied from Dwarf Female.
94,0,M,null24.wav,null24.wav,null24.wav,JumpM_1B.WAV,GetHit1MB.WAV,GetHit2MB.WAV,GetHit3MB.WAV,GetHit4MB.WAV,Gasp1MB.WAV,Gasp2MB.WAV,Death_MB.WAV,Drown_MB.WAV,Walk_Lp.wav,runlp.wav,Punch1.WAV,LeftAtk.WAV,null24.wav,Created. Kaladim Citizen. Copied from Dwarf Male.
94,0,N,null24.wav,null24.wav,null24.wav,JumpM_1B.WAV,GetHit1MB.WAV,GetHit2MB.WAV,GetHit3MB.WAV,GetHit4MB.WAV,Gasp1MB.WAV,Gasp2MB.WAV,Death_MB.WAV,Drown_MB.WAV,Walk_Lp.wav,runlp.wav,Punch1.WAV,LeftAtk.WAV,null24.wav,Created. Kaladim Citizen. Copied from Dwarf Male.
95,0,N,null24.wav,CazT_Idl.wav,CazT_Idl.wav,null24.wav,CazT_Hit.wav,CazT_Hit.wav,CazT_Hit.wav,CazT_Hit.wav,null24.wav,null24.wav,CazT_Die.wav,null24.wav,Walk_Lp.wav,runlp.wav,CazT_Att.wav,CazTSAtt.wav,null24.wav,Renamed F -> N
96,0,N,null24.wav,BirdIdl.wav,BirdIdl.wav,null24.wav,AviakHit.wav,AviakHit.wav,AviakHit.wav,AviakHit.wav,null24.wav,null24.wav,BirdDie.wav,null24.wav,Walk_Lp.wav,runlp.wav,AviakAtt.wav,AviakSAt.wav,null24.wav,Renamed F -> N
98,0,F,null24.wav,null24.wav,null24.wav,null24.wav,VmpEFHit.wav,VmpEFHit.wav,VmpEFHit.wav,VmpEFHit.wav,null24.wav,null24.wav,VmpEFDie.wav,null24.wav,Walk_Lp.wav,runlp.wav,VmpEFAtt.wav,null24.wav,null24.wav,
98,0,M,null24.wav,null24.wav,null24.wav,null24.wav,VmpEMHit.wav,VmpEMHit.wav,VmpEMHit.wav,VmpEMHit.wav,null24.wav,null24.wav,VmpEMDie.wav,null24.wav,Walk_Lp.wav,runlp.wav,VmpEMAtt.wav,null24.wav,null24.wav,
99,0,N,null24.wav,Deni_Idl.wav,Deni_Idl.wav,null24.wav,Deni_Hit.wav,Deni_Hit.wav,Deni_Hit.wav,Deni_Hit.wav,null24.wav,null24.wav,Deni_Die.wav,null24.wav,Walk_Lp.wav,runlp.wav,Deni_Att.wav,Deni_Satt.wav,null24.wav,Renamed F -> N
100,0,N,Der_Lp.wav,null24.wav,null24.wav,null24.wav,DervHit.wav,DervHit.wav,DervHit.wav,DervHit.wav,null24.wav,null24.wav,DervDie.wav,null24.wav,null24.wav,null24.wav,DervAtt.wav,null24.wav,null24.wav,Renamed F -> N
100,2,N,Der_Lp.wav,null24.wav,null24.wav,null24.wav,null24.wav,null24.wav,null24.wav,null24.wav,null24.wav,null24.wav,null24.wav,null24.wav,null24.wav,null24.wav,null24.wav,null24.wav,null24.wav,Renamed F -> N
101,0,N,null24.wav,Efr_Idl.wav,Efr_Idl.wav,null24.wav,Efr_Hit.wav,Efr_Hit.wav,Efr_Hit.wav,Efr_Hit.wav,null24.wav,null24.wav,Efr_Die.wav,null24.wav,null24.wav,null24.wav,Efr_Att.wav,Efr_SAtt.wav,null24.wav,Renamed F -> N
101,1,N,null24.wav,icefreti_idle.wav,icefreti_idle.wav,null24.wav,icefreti_dam.wav,icefreti_dam.wav,icefreti_dam.wav,icefreti_dam.wav,null24.wav,null24.wav,icefreti_dth.wav,null24.wav,null24.wav,null24.wav,icefreti_atk.wav,null24.wav,null24.wav,Renamed F -> N
102,0,N,null24.wav,Frog_Idl.wav,Frog_Idl.wav,null24.wav,FrTadHit.wav,FrTadHit.wav,FrTadHit.wav,FrTadHit.wav,null24.wav,null24.wav,FrTadDie.wav,null24.wav,Frog_Wlk.wav,Frog_Run.wav,FrTadAtt.wav,null24.wav,null24.wav,Renamed F -> N
103,0,N,null24.wav,null24.wav,null24.wav,null24.wav,KedgeHit.wav,KedgeHit.wav,KedgeHit.wav,KedgeHit.wav,null24.wav,null24.wav,KedgeDie.wav,null24.wav,Walk_Lp.wav,runlp.wav,KedgeAtt.wav,KedgeSAt.wav,null24.wav,Renamed F -> N
104,0,N,null24.wav,Fung_Idl.wav,Fung_Idl.wav,null24.wav,Fung_Hit.wav,Fung_Hit.wav,Fung_Hit.wav,Fung_Hit.wav,null24.wav,null24.wav,Fung_Die.wav,null24.wav,null24.wav,null24.wav,Fung_Att.wav,Fung_SAtt.wav,null24.wav,Renamed F -> N
105,0,N,null24.wav,null24.wav,null24.wav,null24.wav,SwF_Hit.wav,SwF_Hit.wav,SwF_Hit.wav,SwF_Hit.wav,null24.wav,null24.wav,SwF_Die.wav,null24.wav,null24.wav,null24.wav,SwF_Att.wav,null24.wav,null24.wav,Renamed F -> N
106,0,M,null24.wav,null24.wav,null24.wav,JumpM_1.WAV,GetHit1M.WAV,GetHit2M.WAV,GetHit3M.WAV,GetHit4M.WAV,Gasp1M.WAV,Gasp2M.WAV,Death_M.WAV,Drown_M.WAV,Walk_Lp.wav,runlp.wav,Punch1.WAV,LeftAtk.WAV,null24.wav,Created. Fel Guard. Copied from Human Male.
107,0,N,null24.wav,Mamm_Idl.wav,Mamm_Idl.wav,null24.wav,Mamm_Hit.wav,Mamm_Hit.wav,Mamm_Hit.wav,Mamm_Hit.wav,null24.wav,null24.wav,Mamm_Die.wav,null24.wav,GiantWlk.wav,GiantRun.wav,Mamm_Att.wav,null24.wav,null24.wav,Renamed F -> N
109,0,N,WaspLoop.wav,null24.wav,null24.wav,null24.wav,Wasp_Hit.wav,Wasp_Hit.wav,Wasp_Hit.wav,Wasp_Hit.wav,null24.wav,null24.wav,Wasp_Die.wav,null24.wav,null24.wav,null24.wav,Wasp_Att.wav,null24.wav,null24.wav,Renamed F -> N
110,0,N,null24.wav,MermIdl.wav,MermIdl.wav,null24.wav,Merm_Hit.wav,Merm_Hit.wav,Merm_Hit.wav,Merm_Hit.wav,null24.wav,null24.wav,Merm_Die.wav,null24.wav,null24.wav,null24.wav,Merm_Att.wav,Merm_SAt.wav,null24.wav,Renamed F -> N
111,0,N,WngFlpLp.wav,null24.wav,null24.wav,null24.wav,Harp_Hit.wav,Harp_Hit.wav,Harp_Hit.wav,Harp_Hit.wav,null24.wav,null24.wav,Harp_Die.wav,null24.wav,null24.wav,null24.wav,Harp_Att.wav,Harp_SAt.wav,null24.wav,Renamed F -> N
112,0,F,null24.wav,null24.wav,null24.wav,JumpF_1.WAV,GetHit1F.WAV,GetHit2F.WAV,GetHit3F.WAV,GetHit4F.WAV,Gasp1F.WAV,Gasp2F.WAV,Death_F.WAV,Drown_F.WAV,Walk_Lp.wav,runlp.wav,Punch1.WAV,LeftAtk.WAV,null24.wav,Created. FayGuard. Copied from Human Female.
112,0,M,null24.wav,null24.wav,null24.wav,JumpM_1.WAV,GetHit1M.WAV,GetHit2M.WAV,GetHit3M.WAV,GetHit4M.WAV,Gasp1M.WAV,Gasp2M.WAV,Death_M.WAV,Drown_M.WAV,Walk_Lp.wav,runlp.wav,Punch1.WAV,LeftAtk.WAV,null24.wav,Created. FayGuard. Copied from Human Male.
113,0,N,Drix_Lp.wav,Drix_Idl.wav,Drix_Idl.wav,null24.wav,Drix_Hit.wav,Drix_Hit.wav,Drix_Hit.wav,Drix_Hit.wav,null24.wav,null24.wav,Drix_Die.wav,null24.wav,null24.wav,null24.wav,Drix_Att.wav,null24.wav,null24.wav,Renamed F -> N
114,0,N,null24.wav,null24.wav,null24.wav,null24.wav,null24.wav,null24.wav,null24.wav,null24.wav,null24.wav,null24.wav,null24.wav,null24.wav,null24.wav,null24.wav,null24.wav,null24.wav,null24.wav,Renamed F -> N - No sounds at all. Ghost Ship.
116,0,N,null24.wav,null24.wav,null24.wav,null24.wav,SeaHsHit.wav,SeaHsHit.wav,SeaHsHit.wav,SeaHsHit.wav,null24.wav,null24.wav,SeaHsDie.wav,null24.wav,null24.wav,null24.wav,SeaHsAtt.wav,null24.wav,null24.wav,Renamed F -> N
117,0,M,Ghost_Lp.wav,DGhosIdl.wav,DGhosIdl.wav,null24.wav,GhostHit.wav,GhostHit.wav,GhostHit.wav,GhostHit.wav,null24.wav,null24.wav,GhostDie.wav,null24.wav,null24.wav,null24.wav,GhostAtt.wav,GhostSAt.wav,null24.wav,Renamed F -> M. Only male variant.
118,0,F,Ghost_Lp.wav,EGhosIdl.wav,EGhosIdl.wav,null24.wav,GhostHit.wav,GhostHit.wav,GhostHit.wav,GhostHit.wav,null24.wav,null24.wav,GhostDie.wav,null24.wav,null24.wav,null24.wav,GhostAtt.wav,GhostSAt.wav,null24.wav,
119,0,N,null24.wav,Puma_Idl.wav,Puma_Idl.wav,null24.wav,Puma_Hit.wav,Puma_Hit.wav,Puma_Hit.wav,Puma_Hit.wav,null24.wav,null24.wav,Puma_Die.wav,null24.wav,Walk_Lp.wav,runlp.wav,Puma_Att.wav,null24.wav,null24.wav,Renamed F -> N
120,0,N,null24.wav,Wolf_Idl.wav,Wolf_Idl.wav,null24.wav,Wolf_Hit.wav,Wolf_Hit.wav,Wolf_Hit.wav,Wolf_Hit.wav,null24.wav,null24.wav,Wolf_Die.wav,null24.wav,Walk_Lp.wav,runlp.wav,Wolf_Att.wav,null24.wav,null24.wav,Renamed F -> N
121,0,N,WngFlpLp.wav,Gor_Idl.wav,Gor_Idl.wav,null24.wav,Gor_Hit.wav,Gor_Hit.wav,Gor_Hit.wav,Gor_Hit.wav,null24.wav,null24.wav,Gor_Die.wav,null24.wav,null24.wav,null24.wav,Gor_Att.wav,Gor_SAtt.wav,null24.wav,Renamed F -> N
122,0,N,null24.wav,DrSk_Idl.wav,DrSk_Idl.wav,null24.wav,DrSkHit.wav,DrSkHit.wav,DrSkHit.wav,DrSkHit.wav,null24.wav,null24.wav,DrSk_Die.wav,null24.wav,GiantWlk.wav,GiantWlk.wav,DrSk_Att.wav,null24.wav,null24.wav,Renamed F -> N
123,0,N,null24.wav,null24.wav,null24.wav,null24.wav,Inn_Hit.wav,Inn_Hit.wav,Inn_Hit.wav,Inn_Hit.wav,null24.wav,null24.wav,Inn_Die.wav,null24.wav,Walk_Lp.wav,runlp.wav,Inn_Att.wav,Inn_Satt.wav,null24.wav,Renamed F -> N
124,0,N,null24.wav,Uni_Idl.wav,Uni_Idl.wav,null24.wav,Uni_Hit.wav,Uni_Hit.wav,Uni_Hit.wav,Uni_Hit.wav,null24.wav,null24.wav,Uni_Die2.wav,null24.wav,Hor_Wlk.wav,Hor_Run.wav,Uni_Att.wav,null24.wav,null24.wav,Renamed F -> N
125,0,N,Peg_Loop.wav,Peg_Idl.wav,Peg_Idl.wav,null24.wav,PegaHit.wav,PegaHit.wav,PegaHit.wav,PegaHit.wav,null24.wav,null24.wav,PegaDie.wav,null24.wav,null24.wav,null24.wav,PegaAtt.wav,null24.wav,null24.wav,Renamed F -> N
126,0,N,null24.wav,Djin_Idle.wav,Djin_Idle.wav,null24.wav,Djin_Hit.wav,Djin_Hit.wav,Djin_Hit.wav,Djin_Hit.wav,null24.wav,null24.wav,Djin_Die.wav,null24.wav,null24.wav,null24.wav,DjinAtt.wav,DjinSAt.wav,null24.wav,Renamed F -> N
128,0,F,null24.wav,null24.wav,null24.wav,JumpF_1B.WAV,null24.wav,VampKHit.wav,VampKHit.wav,VampKHit.wav,Gasp1FB.WAV,Gasp2FB.WAV,VampKDie.wav,Drown_FB.WAV,Walk_Lp.wav,runlp.wav,LeftAtk.WAV,null24.wav,Punch1.WAV,
128,0,M,null24.wav,null24.wav,null24.wav,JumpM_1B.WAV,null24.wav,VampKHit.wav,VampKHit.wav,VampKHit.wav,Gasp1FB.WAV,Gasp2FB.WAV,VampKDie.wav,Drown_MB.WAV,Walk_Lp.wav,runlp.wav,LeftAtk.WAV,null24.wav,Punch1.WAV,
129,0,N,null24.wav,null24.wav,null24.wav,null24.wav,BeetlHit.wav,BeetlHit.wav,BeetlHit.wav,BeetlHit.wav,null24.wav,null24.wav,BeetlDie.wav,null24.wav,BeetlWlk.wav,BeetlWlk.wav,BeetlAtt.wav,null24.wav,null24.wav,Renamed F -> N
131,0,N,null24.wav,DrSk_Idl.wav,DrSk_Idl.wav,null24.wav,null24.wav,null24.wav,null24.wav,null24.wav,null24.wav,null24.wav,null24.wav,null24.wav,Walk_Lp.wav,Walk_Lp.wav,null24.wav,null24.wav,null24.wav,Renamed F -> N
133,0,N,null24.wav,WereWIdl.wav,WereWIdl.wav,null24.wav,WereWHit.wav,WereWHit.wav,WereWHit.wav,WereWHit.wav,null24.wav,null24.wav,WereWDie.wav,null24.wav,Walk_Lp.wav,runlp.wav,WereWAtt.wav,null24.wav,null24.wav,Renamed F -> N
134,0,N,WiloLoop.wav,null24.wav,null24.wav,null24.wav,Wilo_Hit.wav,Wilo_Hit.wav,Wilo_Hit.wav,Wilo_Hit.wav,null24.wav,null24.wav,null24.wav,null24.wav,null24.wav,null24.wav,Wilo_Att.wav,null24.wav,null24.wav,Renamed F -> N
135,0,N,null24.wav,null24.wav,null24.wav,null24.wav,null24.wav,null24.wav,null24.wav,null24.wav,null24.wav,null24.wav,null24.wav,null24.wav,GiantWlk.wav,GiantRun.wav,null24.wav,null24.wav,null24.wav,Renamed F -> N. Todo: Missing sounds?
136,0,N,null24.wav,DrSk_Idl.wav,DrSk_Idl.wav,null24.wav,null24.wav,null24.wav,null24.wav,null24.wav,null24.wav,null24.wav,null24.wav,null24.wav,Walk_Lp.wav,Walk_Lp.wav,null24.wav,null24.wav,null24.wav,Created. Xalgoz. Looks like a Sarnak? Guess. Copied.
137,0,N,null24.wav,Gob_Idl.wav,Gob_Idl.wav,null24.wav,Gob_Hit.wav,Gob_Hit.wav,Gob_Hit.wav,Gob_Hit.wav,null24.wav,null24.wav,Gob_Die.wav,null24.wav,Walk_Lp.wav,runlp.wav,Gob_Att.wav,Gob_SAt.wav,null24.wav,
138,0,N,GoriLp.wav,GorilIdl.wav,GorilIdl.wav,null24.wav,Elem_Hit.wav,Elem_Hit.wav,Elem_Hit.wav,Elem_Hit.wav,null24.wav,null24.wav,Elem_Die.wav,null24.wav,null24.wav,null24.wav,Elem_Att.wav,null24.wav,null24.wav,
139,0,F,null24.wav,null24.wav,null24.wav,JumpF_1B.WAV,null24.wav,VampKHit.wav,VampKHit.wav,VampKHit.wav,null24.wav,null24.wav,VampKDie.wav,GetHit2FB.WAV,Walk_Lp.wav,runlp.wav,Stab.WAV,null24.wav,Club.WAV,
139,0,M,null24.wav,null24.wav,null24.wav,JumpM_1B.WAV,null24.wav,VampKHit.wav,VampKHit.wav,VampKHit.wav,null24.wav,null24.wav,VampKDie.wav,GetHit2FB.WAV,Walk_Lp.wav,runlp.wav,Stab.WAV,null24.wav,Club.WAV,
139,0,N,null24.wav,null24.wav,null24.wav,JumpM_1B.WAV,null24.wav,VampKHit.wav,VampKHit.wav,VampKHit.wav,null24.wav,null24.wav,VampKDie.wav,GetHit2FB.WAV,Walk_Lp.wav,runlp.wav,Stab.WAV,null24.wav,Club.WAV,Created. Cabilis citizen. Copied sounds from Male Iksar.
140,0,N,null24.wav,GiantIdl.wav,GiantIdl.wav,null24.wav,GiantHit.wav,GiantHit.wav,GiantHit.wav,GiantHit.wav,null24.wav,null24.wav,GiantDie.wav,null24.wav,GiantWlk.wav,GiantRun.wav,GiantAtt.wav,null24.wav,null24.wav,Renamed F -> N
144,0,N,null24.wav,ArmadIdl.wav,ArmadIdl.wav,null24.wav,AmadHit.wav,AmadHit.wav,AmadHit.wav,AmadHit.wav,null24.wav,null24.wav,AmadDie.wav,null24.wav,Walk_Lp.wav,runlp.wav,AmadAtt.wav,null24.wav,null24.wav,Renamed F -> N
145,0,N,null24.wav,CubeIdl1.wav,CubeIdl2.wav,null24.wav,Cube_Hit.wav,Cube_Hit.wav,Cube_Hit.wav,Cube_Hit.wav,null24.wav,null24.wav,Cube_Die.wav,null24.wav,Cube_Wlk.wav,Cube_Wlk.wav,Cube_Att.wav,null24.wav,null24.wav,Renamed F -> N
146,0,N,null24.wav,GhoulIdl.wav,GhoulIdl.wav,null24.wav,GhostHit.wav,GhostHit.wav,VmpEMHit.wav,VmpEMHit.wav,null24.wav,null24.wav,VmpEMHit.wav,null24.wav,null24.wav,null24.wav,GhostDie.wav,Spec_Att.wav,null24.wav,Renamed F -> N
147,0,M,Ghost_Lp.wav,DGhosIdl.wav,DGhosIdl.wav,null24.wav,GhostHit.wav,GhostHit.wav,VmpEMHit.wav,VmpEMHit.wav,null24.wav,null24.wav,VmpEMHit.wav,null24.wav,null24.wav,null24.wav,GhostDie.wav,Spec_Att.wav,null24.wav,Renamed F -> M. Only male variant.
148,0,N,null24.wav,null24.wav,null24.wav,null24.wav,Shrk_Die.wav,Shrk_Die.wav,Shrk_Die.wav,Shrk_Die.wav,null24.wav,null24.wav,Shrk_Die.wav,null24.wav,null24.wav,null24.wav,Shrk_Att.wav,null24.wav,null24.wav,Renamed F -> N
149,0,N,null24.wav,null24.wav,null24.wav,null24.wav,BeetlHit.wav,BeetlHit.wav,VmpEFHit.wav,VmpEFHit.wav,null24.wav,null24.wav,BeetlDie.wav,null24.wav,BeetlWlk.wav,BeetlWlk.wav,BeetlDie.wav,BeetlAtt.wav,null24.wav,Renamed F -> N
150,0,N,null24.wav,null24.wav,null24.wav,JumpF_1.WAV,GetHit1F.WAV,GetHit2F.WAV,GetHit3F.WAV,GetHit4F.WAV,Gasp1F.WAV,Gasp2F.WAV,Death_F.WAV,Drown_F.WAV,Walk_Lp.wav,runlp.wav,Punch1.WAV,LeftAtk.WAV,null24.wav,Created. Erollisi Marr. Copied from Human Female. Guess.
151,0,N,null24.wav,null24.wav,null24.wav,JumpM_1.WAV,GetHit1M.WAV,GetHit2M.WAV,GetHit3M.WAV,GetHit4M.WAV,Gasp1M.WAV,Gasp2M.WAV,Death_M.WAV,Drown_M.WAV,Walk_Lp.wav,runlp.wav,Punch1.WAV,LeftAtk.WAV,null24.wav,TODO: Find sounds. Tribunal. Human male?
153,0,N,null24.wav,null24.wav,null24.wav,JumpM_1L.WAV,GetHit1ML.WAV,GetHit2ML.WAV,GetHit3ML.WAV,GetHit4ML.WAV,Gasp1ML.WAV,Gasp2ML.WAV,Death_ML.WAV,Drown_ML.WAV,Walk_Lp.wav,runlp.wav,Punch1.WAV,LeftAtk.WAV,null24.wav,Created. Bristlebane. Halfling male. Guess.
154,0,F,Drake_Lp.wav,DrakeIdl.wav,DrakeIdl.wav,null24.wav,DrakeHit.wav,DrakeHit.wav,DrakeHit.wav,DrakeHit.wav,null24.wav,null24.wav,DrakeDie.wav,null24.wav,null24.wav,null24.wav,DrakeAtt.wav,DrakeSAt.wav,null24.wav,
155,0,N,null24.wav,null24.wav,null24.wav,null24.wav,Skel_Hit.wav,Skel_Hit.wav,Skel_Hit.wav,Skel_Hit.wav,null24.wav,null24.wav,Skel_Die.wav,null24.wav,Walk_Lp.wav,runlp.wav,SkelAtt1.wav,Skel_Std.wav,SkelAtt2.wav,Renamed F -> N
156,0,F,null24.wav,Rat_Idl.wav,ratman_wht_idle.wav,null24.wav,ratman_wht_dam.wav,ratman_wht_dam.wav,ratman_wht_dam.wav,ratman_wht_dam.wav,null24.wav,null24.wav,ratman_wht_dth.wav,null24.wav,Walk_Lp.wav,runlp.wav,ratman_wht_atk.wav,null24.wav,null24.wav,Used for both Male and Female Rats.
157,0,N,null24.wav,DrakeIdl.wav,DrakeIdl.wav,null24.wav,DrakeHit.wav,DrakeHit.wav,DrakeHit.wav,DrakeHit.wav,null24.wav,null24.wav,DrakeDie.wav,null24.wav,null24.wav,null24.wav,DrakeAtt.wav,DrakeSAt.wav,null24.wav,Renamed F -> N. Removed Drake_Lp.wav loop sound (accurate)
158,0,N,null24.wav,DragFIdl.wav,DragFIdl.wav,null24.wav,Drag_Hit.wav,Drag_Hit.wav,Drag_Hit.wav,Drag_Hit.wav,null24.wav,null24.wav,Drag_Die.wav,null24.wav,GiantWlk.wav,GiantWlk.wav,Drag_Att.wav,DragFSAt.wav,null24.wav,Renamed F -> N
158,1,N,null24.wav,DragIIdl.wav,DragIIdl.wav,null24.wav,Drag_Hit.wav,Drag_Hit.wav,Drag_Hit.wav,Drag_Hit.wav,null24.wav,null24.wav,Drag_Die.wav,null24.wav,GiantWlk.wav,GiantWlk.wav,Drag_Att.wav,DragISAt.wav,null24.wav,Renamed F -> N
159,0,N,null24.wav,Deni_Idl.wav,Deni_Idl.wav,null24.wav,Deni_Hit.wav,Deni_Hit.wav,Deni_Hit.wav,Deni_Hit.wav,null24.wav,null24.wav,Deni_Die.wav,null24.wav,Walk_Lp.wav,runlp.wav,Deni_Att.wav,Deni_Satt.wav,null24.wav,Renamed F -> N
160,0,N,null24.wav,GolumIdl.wav,GolumIdl.wav,null24.wav,GolumHit.wav,GolumHit.wav,GolumHit.wav,GolumHit.wav,null24.wav,null24.wav,GolumDie.wav,null24.wav,Walk_Lp.wav,runlp.wav,GolumAtt.wav,null24.wav,null24.wav,Renamed F -> N
161,0,N,null24.wav,null24.wav,null24.wav,null24.wav,Skel_Hit.wav,Skel_Hit.wav,Skel_Hit.wav,Skel_Hit.wav,null24.wav,null24.wav,Skel_Die.wav,null24.wav,Walk_Lp.wav,runlp.wav,SkelAtt1.wav,Skel_Std.wav,SkelAtt2.wav,Renamed F -> N
162,0,N,null24.wav,Trea_Idl.wav,Trea_Idl.wav,null24.wav,Trea_Hit.wav,Trea_Hit.wav,Trea_Hit.wav,Trea_Hit.wav,null24.wav,null24.wav,Trea_Die.wav,null24.wav,Trea_Wlk.wav,Trea_Wlk.wav,Trea_Att.wav,Trea_SAt.wav,null24.wav,Renamed F -> N
163,0,N,null24.wav,null24.wav,null24.wav,null24.wav,DrakeHit.wav,DrakeHit.wav,DrakeHit.wav,DrakeHit.wav,null24.wav,null24.wav,DrakeDie.wav,null24.wav,null24.wav,null24.wav,DrakeAtt.wav,DrakeSAt.wav,null24.wav,Renamed F -> N
164,0,N,null24.wav,GolumIdl.wav,GolumIdl.wav,null24.wav,GolumHit.wav,GolumHit.wav,GolumHit.wav,GolumHit.wav,null24.wav,null24.wav,GolumDie.wav,null24.wav,Walk_Lp.wav,runlp.wav,GolumAtt.wav,null24.wav,null24.wav,Renamed F -> N
165,0,N,null24.wav,null24.wav,null24.wav,null24.wav,Drag_Hit.wav,Drag_Hit.wav,Drag_Hit.wav,Drag_Hit.wav,null24.wav,null24.wav,Drag_Die.wav,null24.wav,GiantWlk.wav,GiantWlk.wav,Drag_Att.wav,DragFSAt.wav,null24.wav,Renamed F -> N
166,0,N,null24.wav,Hand_Idl.wav,Hand_Idl.wav,null24.wav,Hand_Hit.wav,Hand_Hit.wav,Hand_Hit.wav,Hand_Hit.wav,null24.wav,null24.wav,Hand_Die.wav,null24.wav,Walk_Lp.wav,runlp.wav,Hand_Att.wav,null24.wav,null24.wav,Renamed F -> N
167,0,N,null24.wav,null24.wav,null24.wav,null24.wav,Trea_Hit.wav,Trea_Hit.wav,Trea_Hit.wav,Trea_Hit.wav,null24.wav,null24.wav,Trea_Die.wav,null24.wav,Trea_Wlk.wav,Trea_Wlk.wav,Trea_Att.wav,Trea_SAt.wav,null24.wav,Renamed F -> N
168,0,N,Bat_Fly.wav,monkey_idle.wav,monkey_idle.wav,null24.wav,monkey_dam.wav,monkey_dam.wav,monkey_dam.wav,monkey_dam.wav,null24.wav,null24.wav,monkey_dth.wav,null24.wav,null24.wav,null24.wav,monkey_atk.wav,monkey_atk2.wav,null24.wav,Renamed F -> N
169,0,N,null24.wav,null24.wav,null24.wav,null24.wav,null24.wav,null24.wav,null24.wav,null24.wav,null24.wav,null24.wav,null24.wav,null24.wav,GiantWlk.wav,GiantRun.wav,null24.wav,null24.wav,null24.wav,Created. Sounds copied from Rhino. Missing sounds?
170,0,N,Der_Lp.wav,dervish_idle.wav,dervish_idle.wav,null24.wav,dervish_dam.wav,dervish_dam.wav,dervish_dam.wav,dervish_dam.wav,null24.wav,null24.wav,dervish_dth.wav,null24.wav,null24.wav,null24.wav,dervish_atk.wav,null24.wav,null24.wav,Renamed F -> N
171,0,N,null24.wav,wolf_dire_idle.wav,wolf_dire_idle.wav,null24.wav,wolf_dire_dam.wav,wolf_dire_dam.wav,wolf_dire_dam.wav,wolf_dire_dam.wav,null24.wav,null24.wav,wolf_dire_dth.wav,null24.wav,Walk_Lp.wav,runlp.wav,wolf_dire_atk.wav,null24.wav,null24.wav,Renamed F -> N
172,0,N,null24.wav,manti_idle.wav,manti_idle2.wav,null24.wav,manti_dam.wav,manti_dam.wav,manti_dam.wav,manti_dam.wav,null24.wav,null24.wav,manti_dth.wav,null24.wav,Walk_Lp.wav,runlp.wav,manti_atk.wav,null24.wav,null24.wav,Renamed F -> N
173,0,N,null24.wav,totem_idle.wav,totem_idle.wav,null24.wav,totem_dam.wav,totem_dam.wav,totem_dam.wav,totem_dam.wav,null24.wav,null24.wav,totem_dth.wav,null24.wav,Walk_Lp.wav,runlp.wav,totem_atk.wav,null24.wav,null24.wav,Renamed F -> N
174,0,N,SpecLoop.wav,spectre_cold_idle.wav,spectre_cold_idle.wav,null24.wav,spectre_cold_dam.wav,spectre_cold_dam.wav,spectre_cold_dam.wav,spectre_cold_dam.wav,null24.wav,null24.wav,spectre_cold_dth.wav,null24.wav,null24.wav,null24.wav,spectre_cold_atk.wav,null24.wav,null24.wav,Renamed F -> N
175,0,N,null24.wav,encharmor_idle.wav,encharmor_idle.wav,null24.wav,encharmor_dam.wav,encharmor_dam.wav,encharmor_dam.wav,encharmor_dam.wav,null24.wav,null24.wav,encharmor_dth.wav,null24.wav,Walk_Lp.wav,runlp.wav,encharmor_atk.wav,null24.wav,null24.wav,Renamed F -> N
176,0,N,null24.wav,rabbit_idle.wav,rabbit_idle.wav,null24.wav,rabbit_dam.wav,rabbit_dam.wav,rabbit_dam.wav,rabbit_dam.wav,null24.wav,null24.wav,rabbit_dth.wav,null24.wav,Walk_Lp.wav,runlp.wav,rabbit_atk.wav,null24.wav,null24.wav,Renamed F -> N
177,0,N,null24.wav,walrus_idle.wav,walrus_idle.wav,null24.wav,walrus_dam.wav,walrus_dam.wav,walrus_dam.wav,walrus_dam.wav,null24.wav,null24.wav,walrus_dth.wav,null24.wav,Walk_Lp.wav,runlp.wav,walrus_atk.wav,null24.wav,null24.wav,Renamed F -> N
178,0,N,null24.wav,rockman_idle.wav,rockman_idle.wav,null24.wav,rockman_dam.wav,rockman_dam.wav,rockman_dam.wav,rockman_dam.wav,null24.wav,null24.wav,rockman_dth.wav,null24.wav,Walk_Lp.wav,runlp.wav,rockman_atk.wav,null24.wav,null24.wav,Renamed F -> N
181,0,N,null24.wav,yak_idle.wav,yak_idle.wav,null24.wav,yak_dam.wav,yak_dam.wav,yak_dam.wav,yak_dam.wav,null24.wav,null24.wav,yak_dth.wav,null24.wav,Walk_Lp.wav,runlp.wav,yak_atk.wav,null24.wav,null24.wav,Renamed F -> N
182,0,N,null24.wav,faun_idle.wav,faun_idle.wav,null24.wav,faun_dam.wav,faun_dam.wav,faun_dam.wav,faun_dam.wav,null24.wav,null24.wav,faun_dth.wav,null24.wav,Walk_Lp.wav,runlp.wav,faun_atk.wav,null24.wav,null24.wav,TODO: Faun is a variant of Yak. But are the sounds right in the client?
183,0,F,null24.wav,coldfem_idle.wav,coldfem_idle2.wav,null24.wav,coldfem_dam.wav,coldfem_dam.wav,coldfem_dam.wav,coldfem_dam.wav,null24.wav,null24.wav,coldfem_dth.wav,null24.wav,Walk_Lp.wav,runlp.wav,coldfem_atk.wav,null24.wav,null24.wav,
183,0,M,null24.wav,coldain_mal_idle.wav,coldain_mal_idle.wav,null24.wav,coldain_mal_dam.wav,coldain_mal_dam.wav,coldain_mal_dam.wav,coldain_mal_dam.wav,null24.wav,null24.wav,coldain_mal_dth.wav,null24.wav,Walk_Lp.wav,runlp.wav,coldain_mal_atk.wav,null24.wav,null24.wav,
183,0,N,null24.wav,coldain_mal_idle.wav,coldain_mal_idle.wav,null24.wav,coldain_mal_dam.wav,coldain_mal_dam.wav,coldain_mal_dam.wav,coldain_mal_dam.wav,null24.wav,null24.wav,coldain_mal_dth.wav,null24.wav,Walk_Lp.wav,runlp.wav,coldain_mal_atk.wav,null24.wav,null24.wav,Created. Coldain King. Copied from Coldain male. Confirm.
184,0,N,null24.wav,DragIIdl.wav,DragIIdl.wav,null24.wav,Drag_Hit.wav,Drag_Hit.wav,Drag_Hit.wav,Drag_Hit.wav,null24.wav,null24.wav,Drag_Die.wav,null24.wav,GiantWlk.wav,GiantWlk.wav,Drag_Att.wav,DragISAt.wav,null24.wav,Renamed F -> N
185,0,N,null24.wav,hag_idle.wav,hag_idle.wav,null24.wav,hag_dam.wav,hag_dam.wav,hag_dam.wav,hag_dam.wav,null24.wav,null24.wav,hag_dth.wav,null24.wav,Walk_Lp.wav,runlp.wav,hag_atk.wav,null24.wav,null24.wav,Renamed F -> N
187,0,N,null24.wav,null24.wav,null24.wav,JumpF_1.WAV,GetHit1F.WAV,GetHit2F.WAV,GetHit3F.WAV,GetHit4F.WAV,Gasp1F.WAV,Gasp2F.WAV,Death_F.WAV,Drown_F.WAV,Walk_Lp.wav,runlp.wav,Punch1.WAV,LeftAtk.WAV,null24.wav,Defaults to male. I replace with female.
188,0,N,null24.wav,giant_frost_idle.wav,giant_frost_idle.wav,null24.wav,giant_frost_dam.wav,giant_frost_dam.wav,giant_frost_dam.wav,giant_frost_dam.wav,null24.wav,null24.wav,giant_frost_dth.wav,null24.wav,GiantWlk.wav,GiantRun.wav,giant_frost_atk.wav,null24.wav,null24.wav,Renamed F -> N
189,0,N,null24.wav,giant_storm_idle.wav,giant_storm_idle.wav,null24.wav,giant_storm_dam.wav,giant_storm_dam.wav,giant_storm_dam.wav,giant_storm_dam.wav,null24.wav,null24.wav,giant_storm_dth.wav,null24.wav,GiantWlk.wav,GiantRun.wav,giant_storm_atk.wav,null24.wav,null24.wav,Renamed F -> N
190,0,N,null24.wav,otter_idle.wav,otter_idle.wav,null24.wav,otter_dam.wav,otter_dam.wav,otter_dam2.wav,otter_dam2.wav,null24.wav,null24.wav,otter_dth.wav,null24.wav,Walk_Lp.wav,runlp.wav,otter_dth.wav,otter_atk.wav,null24.wav,Renamed F -> N
191,0,N,null24.wav,walrus_idle.wav,walrus_idle.wav,null24.wav,walrus_dam.wav,walrus_dam.wav,walrus_dam.wav,walrus_dam.wav,null24.wav,null24.wav,walrus_dth.wav,null24.wav,Walk_Lp.wav,runlp.wav,walrus_atk.wav,null24.wav,null24.wav,Renamed F -> N
191,3,N,null24.wav,bear_idle.wav,bear_idle2.wav,null24.wav,Bear_Hit.wav,Bear_Hit.wav,bear_dam.wav,bear_dam.wav,null24.wav,null24.wav,bear_dth.wav,null24.wav,Walk_Lp.wav,runlp.wav,bear_dth.wav,bear_atk.wav,Bear_Att.wav,Renamed F -> N
192,0,N,null24.wav,dragon_robo_idle.wav,dragon_robo_idle.wav,null24.wav,dragon_robo_dam.wav,dragon_robo_dam.wav,dragon_robo_dam.wav,dragon_robo_dam.wav,null24.wav,null24.wav,dragon_robo_dth.wav,null24.wav,GiantWlk.wav,GiantWlk.wav,dragon_robo_atk.wav,null24.wav,null24.wav,Renamed F -> N
193,0,N,null24.wav,null24.wav,null24.wav,JumpF_1.WAV,GetHit1F.WAV,GetHit2F.WAV,GetHit3F.WAV,GetHit4F.WAV,Gasp1F.WAV,Gasp2F.WAV,Death_F.WAV,Drown_F.WAV,Walk_Lp.wav,runlp.wav,Punch1.WAV,LeftAtk.WAV,null24.wav,Sounds like standard female
194,0,F,null24.wav,turtle_huge_idle.wav,turtle_huge_idle.wav,null24.wav,turtle_huge_dam.wav,turtle_huge_dam.wav,turtle_huge_dam.wav,turtle_huge_dam.wav,null24.wav,null24.wav,turtle_huge_dth.wav,null24.wav,Walk_Lp.wav,runlp.wav,turtle_huge_atk.wav,null24.wav,null24.wav,
194,0,N,null24.wav,turtle_med_idle.wav,turtle_med_idle.wav,null24.wav,turtle_med_dam.wav,turtle_med_dam.wav,turtle_med_dam.wav,turtle_med_dam.wav,null24.wav,null24.wav,turtle_med_dth.wav,null24.wav,Walk_Lp.wav,runlp.wav,turtle_med_atk.wav,null24.wav,null24.wav,This is the correct one. Rename M->N
195,0,N,null24.wav,DragIIdl.wav,DragIIdl.wav,null24.wav,Drag_Hit.wav,Drag_Hit.wav,Drag_Hit.wav,Drag_Hit.wav,null24.wav,null24.wav,Drag_Die.wav,null24.wav,GiantWlk.wav,GiantWlk.wav,Drag_Att.wav,DragISAt.wav,null24.wav,Renamed F -> N
196,0,N,null24.wav,DragIIdl.wav,DragIIdl.wav,null24.wav,Drag_Hit.wav,Drag_Hit.wav,Drag_Hit.wav,Drag_Hit.wav,null24.wav,null24.wav,Drag_Die.wav,null24.wav,GiantWlk.wav,GiantWlk.wav,Drag_Att.wav,DragISAt.wav,null24.wav,Renamed F -> N
198,0,N,null24.wav,DragIIdl.wav,DragIIdl.wav,null24.wav,Drag_Hit.wav,Drag_Hit.wav,Drag_Hit.wav,Drag_Hit.wav,null24.wav,null24.wav,Drag_Die.wav,null24.wav,GiantWlk.wav,GiantWlk.wav,Drag_Att.wav,DragISAt.wav,null24.wav,Renamed F -> N